sid	voice	style	mean_cer	worst_cer
2	bn_IN-tithi-medium	ALEXA	0.2449	0.2812
2	bn_IN-tithi-medium	BOOK	0.2185	0.3125
2	bn_IN-tithi-medium	INDICTTS	0.1861	0.2414
2	bn_IN-tithi-medium	NEWS	0.2176	0.2759
2	bn_IN-tithi-medium	WIKI	0.1985	0.2500
3	bn_IN-anirban-medium	ALEXA	0.2234	0.3448
3	bn_IN-anirban-medium	BOOK	0.2730	0.3514
3	bn_IN-anirban-medium	INDICTTS	0.2298	0.3103
3	bn_IN-anirban-medium	NEWS	0.2799	0.4324
3	bn_IN-anirban-medium	WIKI	0.2587	0.4483
4	brx_IN-mainao-medium	ALEXA	0.5921	0.7200
4	brx_IN-mainao-medium	BOOK	0.5733	0.6800
4	brx_IN-mainao-medium	INDICTTS	0.6171	0.7200
4	brx_IN-mainao-medium	NEWS	0.5575	0.7600
4	brx_IN-mainao-medium	WIKI	0.5892	0.7200
5	brx_IN-sansuma-medium	ALEXA	0.5759	0.7200
5	brx_IN-sansuma-medium	BOOK	0.5825	0.6400
5	brx_IN-sansuma-medium	INDICTTS	0.5959	0.6800
5	brx_IN-sansuma-medium	NEWS	0.5571	0.6800
5	brx_IN-sansuma-medium	WIKI	0.6092	0.6800
6	doi_IN-sheetal-medium	ALEXA	0.3645	0.5217
6	doi_IN-sheetal-medium	BOOK	0.3770	0.5652
6	doi_IN-sheetal-medium	INDICTTS	0.3578	0.5217
6	doi_IN-sheetal-medium	NEWS	0.3509	0.4783
6	doi_IN-sheetal-medium	WIKI	0.3863	0.5652
7	doi_IN-vijay-medium	ALEXA	0.3809	0.5217
7	doi_IN-vijay-medium	BOOK	0.4414	0.5652
7	doi_IN-vijay-medium	INDICTTS	0.3978	0.5385
7	doi_IN-vijay-medium	NEWS	0.4111	0.5652
7	doi_IN-vijay-medium	WIKI	0.3713	0.4783
8	kn_IN-spoorthi-medium	ALEXA	0.1543	0.3438
8	kn_IN-spoorthi-medium	BOOK	0.1424	0.1875
8	kn_IN-spoorthi-medium	INDICTTS	0.1075	0.2188
8	kn_IN-spoorthi-medium	NEWS	0.1185	0.1562
8	kn_IN-spoorthi-medium	WIKI	0.0961	0.2188
9	kn_IN-chetan-medium	ALEXA	0.1405	0.2500
9	kn_IN-chetan-medium	BOOK	0.1336	0.4062
9	kn_IN-chetan-medium	INDICTTS	0.0838	0.1562
9	kn_IN-chetan-medium	NEWS	0.1421	0.2812
9	kn_IN-chetan-medium	WIKI	0.1464	0.3125
10	mai_IN-shravan-medium	ALEXA	0.3599	0.4118
10	mai_IN-shravan-medium	BOOK	0.3466	0.4118
10	mai_IN-shravan-medium	INDICTTS	0.3592	0.4348
10	mai_IN-shravan-medium	NEWS	0.3523	0.4118
10	mai_IN-shravan-medium	WIKI	0.3198	0.4118
11	ml_IN-aparna-medium	ALEXA	0.5642	1.5758
11	ml_IN-aparna-medium	BOOK	0.6654	1.7576
11	ml_IN-aparna-medium	INDICTTS	0.4209	1.0000
11	ml_IN-aparna-medium	NEWS	0.3875	0.8788
11	ml_IN-aparna-medium	WIKI	1.0863	2.6667
12	mr_IN-mrunal-medium	ALEXA	0.1631	0.2593
12	mr_IN-mrunal-medium	BOOK	0.1736	0.2250
12	mr_IN-mrunal-medium	INDICTTS	0.1633	0.1852
12	mr_IN-mrunal-medium	NEWS	0.1881	0.2250
12	mr_IN-mrunal-medium	WIKI	0.1404	0.1852
13	mr_IN-tejas-medium	ALEXA	0.2028	0.3250
13	mr_IN-tejas-medium	BOOK	0.2026	0.2500
13	mr_IN-tejas-medium	INDICTTS	0.1526	0.2593
13	mr_IN-tejas-medium	NEWS	0.2355	0.3704
13	mr_IN-tejas-medium	WIKI	0.1532	0.2750
14	ne_NP-prerana-medium	ALEXA	0.2851	0.3590
14	ne_NP-prerana-medium	BOOK	0.2808	0.3750
14	ne_NP-prerana-medium	INDICTTS	0.4092	1.0000
14	ne_NP-prerana-medium	NEWS	0.2424	0.3590
14	ne_NP-prerana-medium	WIKI	0.2344	0.3333
15	pa_IN-simran-medium	ALEXA	0.3786	0.4815
15	pa_IN-simran-medium	BOOK	0.3653	0.5556
15	pa_IN-simran-medium	INDICTTS	0.3476	0.4444
15	pa_IN-simran-medium	NEWS	0.3211	0.4074
15	pa_IN-simran-medium	WIKI	0.3302	0.4444
16	pa_IN-harpreet-medium	ALEXA	0.2841	0.4074
16	pa_IN-harpreet-medium	BOOK	0.3274	0.4815
16	pa_IN-harpreet-medium	INDICTTS	0.4603	1.2593
16	pa_IN-harpreet-medium	NEWS	0.3449	0.4444
16	pa_IN-harpreet-medium	WIKI	0.3294	0.4074
17	sa_IN-vedant-medium	ALEXA	0.1602	0.2667
17	sa_IN-vedant-medium	BOOK	0.2046	0.3333
17	sa_IN-vedant-medium	INDICTTS	0.2245	0.3667
17	sa_IN-vedant-medium	NEWS	0.2019	0.3000
17	sa_IN-vedant-medium	WIKI	0.2648	0.3889
18	ta_IN-kaveri-medium	ALEXA	0.1089	0.1500
